INDEX:,SPECIES NAME:
0,10-Formyltetrahydrofolate
1,"1,2-Diacyl-sn-glycerol (didodecanoyl, n-C12:0)"
2,"1,2-Diacyl-sn-glycerol (ditetradecanoyl, n-C14:0)"
3,"1,2-Diacyl-sn-glycerol (ditetradec-7-enoyl, n-C14:1)"
4,"1,2-Diacyl-sn-glycerol (dihexadecanoyl, n-C16:0)"
5,"1,2-Diacyl-sn-glycerol (dihexadec-9-enoyl, n-C16:1)"
6,"1,2-Diacyl-sn-glycerol (dioctadecanoyl, n-C18:0)"
7,"1,2-Diacyl-sn-glycerol (dioctadec-11-enoyl, n-C18:1)"
8,"(R)-Propane-1,2-diol"
9,"(S)-Propane-1,2-diol"
10,3-Phospho-D-glyceroyl phosphate
11,"1,4-dihydroxy-2-napthoyl-CoA"
12,"1,4-alpha-D-glucan"
13,"1,5-Diaminopentane"
14,1-dodecanoyl-sn-glycerol 3-phosphate
15,1-hexadec-9-enoyl-sn-glycerol 3-phosphate
16,1-hexadecanoyl-sn-glycerol 3-phosphate
17,1-octadec-11-enoyl-sn-glycerol 3-phosphate
18,1-octadecanoyl-sn-glycerol 3-phosphate
19,1-Pyrroline-5-carboxylate
20,1-tetradec-7-enoyl-sn-glycerol 3-phosphate
21,1-tetradecanoyl-sn-glycerol 3-phosphate
22,"2,3-diaminopropionate"
23,"2,3-Dihydro-2,3-dihydroxybenzoate"
24,"2,3-dehydroadipyl-CoA"
25,"2,3-Dihydroxybenzoate"
26,"(2,3-Dihydroxybenzoyl)adenylate"
27,"2,3-dihydroxybenzoylserine"
28,"2,3-Dihydrodipicolinate"
29,"(R)-2,3-Dihydroxy-3-methylbutanoate"
30,"(R)-2,3-Dihydroxy-3-methylpentanoate"
31,"2,3-Dioxo-L-gulonate"
32,(S)-2-[5-Amino-1-(5-phospho-D-ribosyl)imidazole-4-carboxamido]succinate
33,"2,5-diketo-D-gluconate"
34,"2,5-Diamino-6-(ribosylamino)-4-(3H)-pyrimidinone 5'-phosphate"
35,"LL-2,6-Diaminoheptanedioate"
36,"meso-2,6-Diaminoheptanedioate"
37,2-Acyl-sn-glycero-3-phosphoethanolamine (n-C12:0)
38,2-Acyl-sn-glycero-3-phosphoethanolamine (n-C14:0)
39,2-Acyl-sn-glycero-3-phosphoethanolamine (n-C14:1)
40,2-Acyl-sn-glycero-3-phosphoethanolamine (n-C16:0)
41,2-Acyl-sn-glycero-3-phosphoethanolamine (n-C16:1)
42,2-Acyl-sn-glycero-3-phosphoethanolamine (n-C18:0)
43,2-Acyl-sn-glycero-3-phosphoethanolamine (n-C18:1)
44,2-Acyl-sn-glycero-3-phosphoglycerol (n-C12:0)
45,2-Acyl-sn-glycero-3-phosphoglycerol (n-C14:0)
46,2-Acyl-sn-glycero-3-phosphoglycerol (n-C14:1)
47,2-Acyl-sn-glycero-3-phosphoglycerol (n-C16:0)
48,2-Acyl-sn-glycero-3-phosphoglycerol (n-C16:1)
49,2-Acyl-sn-glycero-3-phosphoglycerol (n-C18:0)
50,2-Acyl-sn-glycero-3-phosphoglycerol (n-C18:1)
51,(S)-2-Aceto-2-hydroxybutanoate
52,2-Aminomalonate semialdehyde
53,L-2-Amino-3-oxobutanoate
54,1-(2-Carboxyphenylamino)-1-deoxy-D-ribulose 5-phosphate
55,2-Dehydro-3-deoxy-D-arabino-heptonate 7-phosphate
56,2-dodecanoyl-sn-glycerol 3-phosphate
57,2-Dehydro-3-deoxy-D-gluconate 6-phosphate
58,2-Dehydro-3-deoxy-D-gluconate
59,2-Dehydro-3-deoxy-D-galactonate
60,2-Dehydro-3-deoxy-D-galactonate 6-phosphate
61,2-Dehydro-L-gulonate
62,2-Dehydropantoate
63,2-Demethylmenaquinone 8
64,2-Demethylmenaquinol 8
65,2-Deoxy-D-ribose 1-phosphate
66,2-Deoxy-D-ribose 5-phosphate
67,[2Fe-1S] desulfurated iron-sulfur cluster
68,[2Fe-2S] iron-sulfur cluster
69,2-Hydroxy-3-oxopropanoate
70,2-hexadec-9-enoyl-sn-glycerol 3-phosphate
71,2-hexadecanoyl-sn-glycerol 3-phosphate
72,2-Isopropylmaleate
73,2-Methyl-4-amino-5-hydroxymethylpyrimidine diphosphate
74,cis-2-Methylaconitate
75,2-Methylcitrate
76,2-C-methyl-D-erythritol 4-phosphate
77,"2-C-methyl-D-erythritol 2,4-cyclodiphosphate"
78,2-Oxobutanoate
79,2-octadec-11-enoyl-sn-glycerol 3-phosphate
80,2-octadecanoyl-sn-glycerol 3-phosphate
81,2-Octaprenyl-6-hydroxyphenol
82,"2-Octaprenyl-6-methoxy-1,4-benzoquinol"
83,"2-Octaprenyl-3-methyl-5-hydroxy-6-methoxy-1,4-benzoquinol"
84,"2-Octaprenyl-3-methyl-6-methoxy- 1,4-benzoquinol"
85,2-Octaprenyl-6-methoxyphenol
86,2-Octaprenylphenol
87,2-oxepin-2(3H)-ylideneacetyl-CoA
88,2-phospho-4-(cytidine 5'-diphospho)-2-C-methyl-D-erythritol
89,D-Glycerate 2-phosphate
90,2-Phosphoglycolate
91,2-succinyl-5-enolpyruvyl-6-hydroxy-3-cyclohexene-1-carboxylate
92,"2-Succinyl-6-hydroxy-2,4-cyclohexadiene-1-carboxylate"
93,2-tetradec-7-enoyl-sn-glycerol 3-phosphate
94,2-tetradecanoyl-sn-glycerol 3-phosphate
95,2'-(5''-triphosphoribosyl)-3'-dephospho-CoA
96,3-(4-Hydroxyphenyl)pyruvate
97,"3',5'-Cyclic GMP"
98,3-Aminoacrylate
99,3-Carboxy-2-hydroxy-4-methylpentanoate
100,3-Carboxy-3-hydroxy-4-methylpentanoate
101,3-Carboxy-4-methyl-2-oxopentanoate
102,3-Dehydro-L-gulonate
103,3-keto-L-gulonate-6-phosphate
104,3-Dehydroquinate
105,3-Dehydroshikimate
106,[3Fe-4S] damaged iron-sulfur cluster
107,(3R)-3-Hydroxyacyl-[acyl-carrier protein]
108,(3S)-3-Hydroxyadipyl-CoA
109,(S)-3-Hydroxybutanoyl-CoA
110,(R)-3-hydroxy-cis-dodec-5-enoyl-[acyl-carrier protein]
111,3-hydroxycinnamic acid
112,(R)-3-hydroxy-cis-myristol-7-eoyl-[acyl-carrier protein]
113,(R)-3-hydroxy-cis-palm-9-eoyl-[acyl-carrier protein]
114,(R)-3-hydroxy-cis-vacc-11-enoyl-[acyl-carrier protein]
115,(S)-3-Hydroxydecanoyl-CoA
116,(S)-3-Hydroxydodecanoyl-CoA
117,(R)-3-Hydroxydodecanoyl-[acyl-carrier protein]
118,(R)-3-Hydroxydecanoyl-[acyl-carrier protein]
119,(S)-3-Hydroxyhexanoyl-CoA
120,(S)-3-Hydroxyhexadecanoyl-CoA
121,(R)-3-Hydroxyhexanoyl-[acyl-carrier protein]
122,(R)-3-Hydroxytetradecanoyl-[acyl-carrier protein]
123,(S)-3-Hydroxyoctanoyl-CoA
124,(R)-3-Hydroxyoctanoyl-[acyl-carrier protein]
125,(R)-3-Hydroxyoctadecanoyl-[acyl-carrier protein]
126,(S)-3-Hydroxyoctadecanoyl-CoA
127,R-3-hydroxypalmitoyl-[acyl-carrier protein]
128,3-Hydroxypropanoate
129,3-(3-hydroxy-phenyl)propionate
130,(S)-3-Hydroxytetradecanoyl-CoA
131,C'-(3-Indolyl)-glycerol 3-phosphate
132,3-Methyl-2-oxobutanoate
133,(S)-3-Methyl-2-oxopentanoate
134,3-oxo-cis-dodec-5-enoyl-[acyl-carrier protein]
135,3-oxo-cis-myristol-7-eoyl-[acyl-carrier protein]
136,3-oxo-cis-palm-9-eoyl-[acyl-carrier protein]
137,3-oxo-cis-vacc-11-enoyl-[acyl-carrier protein]
138,3-Oxodecanoyl-CoA
139,3-Oxododecanoyl-CoA
140,3-Oxododecanoyl-[acyl-carrier protein]
141,3-Oxodecanoyl-[acyl-carrier protein]
142,3-Oxohexanoyl-CoA
143,3-Oxohexadecanoyl-CoA
144,3-Oxohexanoyl-[acyl-carrier protein]
145,3-Oxotetradecanoyl-[acyl-carrier protein]
146,3-Oxooctanoyl-CoA
147,3-Oxooctanoyl-[acyl-carrier protein]
148,3-Oxooctadecanoyl-[acyl-carrier protein]
149,3-Oxooctadecanoyl-CoA
150,3-Oxohexadecanoyl-[acyl-carrier protein]
151,3-Octaprenyl-4-hydroxybenzoate
152,3-Oxotetradecanoyl-CoA
153,"3-oxo-5,6-dehydrosuberyl-CoA"
154,3-Phospho-D-glycerate
155,3-Phosphohydroxypyruvate
156,5-O-(1-Carboxyvinyl)-3-phosphoshikimate
157,3-Sulfino-L-alanine
158,4-Aminobutanoate
159,4-Aminobutanal
160,4-Aminobenzoate
161,4-amino-4-deoxychorismate
162,4-Amino-5-hydroxymethyl-2-methylpyrimidine
163,4-Amino-2-methyl-5-phosphomethylpyrimidine
164,4-(cytidine 5'-diphospho)-2-C-methyl-D-erythritol
165,p-Cresol
166,[4Fe-4S] iron-sulfur cluster
167,4-Hydroxy-2-oxopentanoate
168,4-Hydroxybenzoate
169,4-Hydroxy-L-threonine
170,4-Methyl-5-(2-hydroxyethyl)-thiazole
171,4-Methyl-2-oxopentanoate
172,4-Methyl-5-(2-phosphoethyl)-thiazole
173,4-Phospho-L-aspartate
174,4-Phospho-D-erythronate
175,D-4'-Phosphopantothenate
176,N-((R)-4-Phosphopantothenoyl)-L-cysteine
177,4-(1-D-Ribitylamino)-5-aminouracil
178,"5,6-dihydrouracil"
179,5-amino-1-(5-phospho-D-ribosyl)imidazole-4-carboxylate
180,5-Amino-4-oxopentanoate
181,5-Amino-6-(5'-phosphoribitylamino)uracil
182,5-Amino-6-(5'-phosphoribosylamino)uracil
183,5-phosphoribosyl-5-carboxyaminoimidazole
184,5-Dehydro-D-gluconate
185,5-Dehydro-4-deoxy-D-glucarate
186,5'-deoxyribose
187,5-Formyltetrahydrofolate
188,5-Methylthioadenosine
189,5-Methyltetrahydrofolate
190,5-Methylthio-D-ribose
191,"N1-(5-Phospho-alpha-D-ribosyl)-5,6-dimethylbenzimidazole"
192,6-hydroxymethyl dihydropterin
193,6-hydroxymethyl-dihydropterin pyrophosphate
194,6-Phospho-D-gluconate
195,"6-phospho-D-glucono-1,5-lactone"
196,8-Amino-7-oxononanoate
197,acyl carrier protein
198,L-alanine-D-glutamate
199,"L-alanine-D-glutamate-meso-2,6-diaminoheptanedioate"
200,"L-alanine-D-glutamate-meso-2,6-diaminoheptanedioate-D-alanine"
201,L-alanine-L-glutamate
202,N1-Acetylspermidine
203,N-Methyltryptophan
204,S-Formylglutathione
205,Aminoacetaldehyde
206,Acetoacetyl-CoA
207,Aminoacetone
208,Acetate
209,Acetyl-ACP
210,Acetoacetate
211,Acetaldehyde
212,N-Acetylanthranilate
213,Acetyl-CoA
214,Acetol
215,N-Acetyl-L-glutamyl 5-phosphate
216,N-Acetyl-L-glutamate 5-semialdehyde
217,N-Acetyl-D-glucosamine
218,N-Acetyl-D-glucosamine 1-phosphate
219,N-Acetyl-D-glucosamine 6-phosphate
220,6-Acetyl-D-glucose
221,N-Acetyl-L-glutamate
222,Acetyl-maltose
223,N-Acetyl-D-mannosamine
224,N-Acetyl-D-mannosamine 6-phosphate
225,N-acetylmuramate 6-phosphate
226,N-Acetylneuraminate
227,cis-Aconitate
228,trans-Aconitate
229,E-3-carboxy-2-pentenedioate 6-methyl ester
230,N2-Acetyl-L-ornithine
231,O-Acetyl-L-serine
232,Acetoacetyl-ACP
233,Acetyl phosphate
234,Adenine
235,Adenosine
236,Adenosyl cobinamide
237,Adenosyl cobinamide phosphate
238,Adenosylcobalamin
239,ADP
240,ADPglucose
241,ADP-D-glycero-D-manno-heptose
242,ADP-L-glycero-D-manno-heptose
243,ADPribose
244,silver
245,Adenosine-GDP-cobinamide
246,Agmatine
247,S-Adenosyl-L-homocysteine
248,"2-Amino-4-hydroxy-6-(erythro-1,2,3-trihydroxypropyl)dihydropteridine triphosphate"
249,5-Amino-1-(5-Phospho-D-ribosyl)imidazole-4-carboxamide
250,5-amino-1-(5-phospho-D-ribosyl)imidazole
251,2-Oxoglutarate
252,beta-Alanine
253,D-Alanine
254,L-Alanine
255,D-Alanyl-D-alanine
256,(S)-2-Acetolactate
257,L-Alanyl-tRNA(Ala)
258,D-Allose
259,D-Allose 6-phosphate
260,Allantoin
261,Allantoate
262,Allulose 6-phosphate
263,D-Altronate
264,S-Adenosyl-L-methionine
265,S-Adenosylmethioninamine
266,S-Adenosyl-4-methylthio-2-oxobutanoate
267,AMP
268,N-Acetyl-D-glucosamine(anhydrous)N-Acetylmuramic acid
269,N-Acetyl-D-glucosamine(anhydrous)N-Acetylmuramyl-tripeptide
270,N-Acetyl-D-glucosamine(anhydrous)N-Acetylmuramyl-tetrapeptide
271,"1,6-anhydrous-N-Acetylmuramate"
272,"1,6-anhydrous-N-Acetylmuramyl-tripeptide"
273,"1,6-anhydrous-N-Acetylmuramyl-tetrapeptide"
274,Anthranilate
275,"P1,P4-Bis(5'-adenosyl) tetraphosphate"
276,"P1,P5-Bis(5'-adenosyl) pentaphosphate"
277,acyl phosphatidylglycerol (n-C12:0)
278,acyl phosphatidylglycerol (n-C14:0)
279,acyl phosphatidylglycerol (n-C14:1)
280,acyl phosphatidylglycerol (n-C16:0)
281,acyl phosphatidylglycerol (n-C16:1)
282,acyl phosphatidylglycerol (n-C18:0)
283,acyl phosphatidylglycerol (n-C18:1)
284,apoprotein [acyl carrier protein]
285,1-Aminopropan-2-ol
286,Adenosine 5'-phosphosulfate
287,D-Arabinose 5-phosphate
288,L-Arabinose
289,O-acetyl-rhamanosyl-N-acetylglucosamyl-undecaprenyl diphosphate
290,Arbutin 6-phosphate
291,aerobactin minus Fe3
292,Aerobactin
293,L-Arginine
294,N(omega)-(L-Arginino)succinate
295,L-Arginyl-tRNA(Arg)
296,L-ascorbate-6-phosphate
297,L-Asparagine
298,L-Asparaginyl-tRNA(Asn)
299,arsenite
300,arsenate
301,L-Aspartate
302,L-Aspartate 4-semialdehyde
303,L-Aspartyl-tRNA(Asp)
304,L-Allo-threonine
305,adenosine thiamine triphosphate
306,ATP
307,Crotonoyl-CoA
308,gamma-butyrobetainyl-CoA
309,Betaine aldehyde
310,branching glycogen
311,bis-molybdenum cofactor
312,bis-molybdopterin mono-guanine dinucleotide
313,bis-molybdopterin guanine dinucleotide
314,Butanal
315,Butanoyl-CoA
316,Biotin
317,d-biotin d-sulfoxide
318,Butyrate (n-C4:0)
319,But-2-enoyl-[acyl-carrier protein]
320,Butyryl-ACP (n-C4:0ACP)
321,butanesulfonate
322,tungsten bispterin cofactor
323,tungsten bispterin cofactor mono-guanine dinucleotide
324,tungsten bispterin cofactor guanine dinucleotide
325,Calcium
326,cAMP
327,N-Carbamoyl-L-aspartate
328,Cobinamide
329,Cob(I)alamin
330,Carbamate
331,Carbamoyl phosphate
332,Cadmium
333,cis-dodec-5-enoyl-[acyl-carrier protein] (n-C12:1)
334,cis-dec-3-enoyl-[acyl-carrier protein] (n-C10:1)
335,7-deaza-7-carboxyguanine
336,CDP
337,"CDP-1,2-didodecanoylglycerol"
338,"CDP-1,2-dihexadec-9-enoylglycerol"
339,"CDP-1,2-dihexadecanoylglycerol"
340,"CDP-1,2-dioctadec-11-enoylglycerol"
341,"CDP-1,2-dioctadecanoylglycerol"
342,"CDP-1,2-ditetradec-7-enoylglycerol"
343,"CDP-1,2-ditetradecanoylglycerol"
344,"cis-3-(3-carboxyethyl)-3,5-cyclohexadiene-1,2-diol"
345,"cis-3-(3-carboxyethenyl)-3,5-cyclohexadiene-1,2-diol"
346,Cys-Gly
347,Choline
348,chorismate
349,diacetylchitobiose-6-phosphate
350,trans-Cinnamate
351,Citrate
352,L-Citrulline
353,CMP-3-deoxy-D-manno-octulosonate
354,Chloride
355,CMP
356,CO2
357,Coenzyme A
358,Co2+
359,core oligosaccharide lipid A
360,"cyclopropane phosphatidylethanolamine (dihexadec-9,10-cyclo-anoyl, n-C16:0 cyclo)"
361,"cyclopropane phosphatidylethanolamine (dioctadec-11,12-cyclo-anoyl, n-C18:0 cyclo)"
362,"cyclopropane phosphatidylglycerol (dihexadec-9,10-cyclo-anoyl, n-C16:0 cyclo)"
363,"cyclopropane phosphatidylglycerol (dioctadec-11,12-cyclo-anoyl, n-C18:0 cyclo)"
364,coprogen
365,coprogen unloaded (no Fe(III))
366,"6-carboxy-5,6,7,8-tetrahydropterin"
367,cyclic pyranopterin monophosphate
368,Coproporphyrinogen III
369,L-Carnitine
370,D-Carnitine
371,D-carnitinyl-CoA
372,L-Carnitinyl-CoA
373,Cytosine
374,crotonobetaine
375,crotonobetainyl-CoA
376,CTP
377,Cu+
378,Cu2+
379,Hydrogen cyanide
380,Cyanate
381,D-Cysteine
382,L-Cysteine
383,L-Cystathionine
384,L-Cysteinyl-tRNA(Cys)
385,Cytidine
386,Deoxyadenosine
387,5'-Deoxyadenosine
388,dADP
389,dAMP
390,"7,8-Diaminononanoate"
391,dATP
392,"3,4-dihydroxy-2-butanone 4-phosphate"
393,trans-Dec-2-enoyl-CoA
394,Decanoate (n-C10:0)
395,Decanoyl-ACP (n-C10:0ACP)
396,Decanoyl-CoA (n-C10:0CoA)
397,"N6-(1,2-Dicarboxyethyl)-AMP"
398,dCDP
399,dCMP
400,dCTP
401,Deoxycytidine
402,trans-Dodec-2-enoyl-CoA
403,Dodecanoate (n-C12:0)
404,Dodecanoyl-ACP (n-C12:0ACP)
405,Dodecanoyl-CoA (n-C12:0CoA)
406,Dodecanoly-phosphate (n-C12:0)
407,dGDP
408,dGMP
409,Selenodiglutathione
410,Deoxyguanosine
411,dGTP
412,Dihydroxyacetone
413,Dihydroxyacetone phosphate
414,"2,3-dihydroxicinnamic acid"
415,"7,8-Dihydrofolate"
416,dehydroglycine
417,Dihydromonapterin
418,dihydromonapterin-triphosphate
419,"1,4-Dihydroxy-2-naphthoate"
420,Dihydroneopterin
421,(S)-Dihydroorotate
422,Dihydroneopterin monophosphate
423,"3-(2,3-Dihydroxyphenyl)propanoate"
424,Dihydropteroate
425,"4,5-dihydroxy-2,3-pentanedione"
426,"6,7-Dihydropteridine"
427,dIDP
428,dIMP
429,Deoxyinosine
430,dITP
431,"5,6-Dimethylbenzimidazole"
432,"6,7-Dimethyl-8-(1-D-ribityl)lumazine"
433,Dimethylallyl diphosphate
434,Dimethyl sulfide
435,Dimethyl sulfoxide
436,Deamino-NAD+
437,Dephospho-CoA
438,fused thiol:disulfide interchange protein (oxidized)
439,fused thiol:disulfide interchange protein (reduced)
440,dihydrosirohydrochlorin
441,Dethiobiotin
442,dTDP
443,"dTDP-4-acetamido-4,6-dideoxy-D-galactose"
444,"dTDP-4-amino-4,6-dideoxy-D-galactose"
445,dTDP-4-dehydro-6-deoxy-D-glucose
446,dTDP-4-dehydro-6-deoxy-L-mannose
447,dTDPglucose
448,dTDP-L-rhamnose
449,dTMP
450,dTTP
451,dUDP
452,dUMP
453,Deoxyuridine
454,dUTP
455,1-deoxy-D-xylulose
456,1-deoxy-D-xylulose 5-phosphate
457,D-Erythrose 4-phosphate
458,Enoylglutaryl-[acyl-carrier protein] methyl ester
459,D-erythro-1-(Imidazol-4-yl)glycerol 3-phosphate
460,Enterochelin
461,Enoylpimeloyl-[acyl-carrier protein] methyl ester
462,Ethanolamine
463,ethanesulfonate
464,Ethanol
465,D-Fructose 1-phosphate
466,D-Fructose 6-phosphate
467,Flavin adenine dinucleotide oxidized
468,Flavin adenine dinucleotide reduced
469,Formaldehyde
470,L-Fuculose 1-phosphate
471,L-fuculose
472,"D-Fructose 1,6-bisphosphate"
473,Fe2+
474,Fe3+
475,"ferric 2,3-dihydroxybenzoylserine"
476,Fe(III)hydroxamate
477,"Fe(III)hydoxamate, unloaded"
478,Ferrichrome
479,Ferrichrome minus Fe(III)
480,Fe-enterobactin
481,ferroxamine
482,ferroxamine minus Fe(3)
483,N2-Formyl-N1-(5-phospho-D-ribosyl)glycinamide
484,Flavodoxin reduced
485,flavodoxin semi oxidized
486,N-Formylmethionyl-tRNA
487,FMN
488,Reduced FMN
489,Formate
490,Formyl-CoA
491,2-(Formamido)-N1-(5-phospho-D-ribosyl)acetamidine
492,5-Formamido-1-(5-phospho-D-ribosyl)imidazole-4-carboxamide
493,Farnesyl diphosphate
494,D-Fructose
495,fructoselysine
496,fructoselysine Phosphate
497,D-Fructuronate
498,L-Fucose
499,Fumarate
500,D-Glucose 1-phosphate
501,Glyceraldehyde 3-phosphate
502,sn-Glycero-3-phosphocholine
503,sn-Glycero-3-phosphoethanolamine
504,Glycerophosphoglycerol
505,sn-Glycero-3-phospho-1-inositol
506,Glycerophosphoserine
507,D-Glucose 6-phosphate
508,galactosyl-glucosyl-inner core oligosaccharide lipid A
509,D-Galactose
510,alpha-D-Galactose 1-phosphate
511,D-Galactarate
512,D-Galactonate
513,L-Galactonate
514,Galactitol 1-phosphate
515,D-Galacturonate
516,D-Glucosamine 1-phosphate
517,D-Glucosamine 6-phosphate
518,N1-(5-Phospho-D-ribosyl)glycinamide
519,glucosyl-O-acetyl-rhamanosyl-N-acetylglucosamyl-undecaprenyl diphosphate
520,gamma-butyrobetaine
521,Glycolaldehyde
522,GDP
523,GDP-4-dehydro-6-deoxy-D-mannose
524,GDP-L-fucose
525,GDP-D-mannose
526,GDP-4-oxo-L-fucose
527,Guanosine 3'-diphosphate 5'-triphosphate
528,galactofuranosyl-glucosyl-O-acetyl-rhamanosyl-N-acetylglucosamyl-undecaprenyl diphosphate
529,gamma-glutamyl-gamma aminobutyric acid
530,glucosyl-galactosyl-glucosyl-inner core oligosaccharide lipid A
531,gamma-glutamyl-gamma-butyraldehyde
532,glucosyl-glucosyl-galactosyl-glucosyl-inner core oligosaccharide lipid A
533,gamma-glutamyl-putrescine
534,gamma-hydroxybutyrate
535,glucosyl-inner core oligosaccharide lipid A
536,D-Glucose
537,D-Gluconate
538,D-Glucarate
539,D-Glucuronate
540,L-Glutamine
541,L-Glutaminyl-tRNA(Gln)
542,D-Glutamate
543,L-Glutamate
544,L-Glutamate 1-semialdehyde
545,L-Glutamate 5-phosphate
546,L-Glutamate 5-semialdehyde
547,gamma-L-Glutamyl-L-cysteine
548,L-Glutamyl-tRNA(Glu)
549,Glyoxylate
550,Glycine
551,D-Glyceraldehyde
552,Glycine betaine
553,Glycerol
554,(R)-Glycerate
555,Glycerol 2-phosphate
556,Glycerol 3-phosphate
557,Glycolate
558,glycogen
559,Glycyl-tRNA(Gly)
560,Glutaryl-[acyl-carrier protein] methyl ester
561,"D-Glycero-D-manno-heptose 1,7-bisphosphate"
562,D-Glycero-D-manno-heptose 1-phosphate
563,D-Glycero-D-manno-heptose 7-phosphate
564,GMP
565,"P1,P4-Bis(5'-guanosyl) tetraphosphate"
566,Geranyl diphosphate
567,glutaredoxin (oxidized)
568,glutaredoxin (reduced)
569,Glutathiolselenolate
570,Guanosine
571,Oxidized glutathione
572,Reduced glutathione
573,GTP
574,Glutathionylspermidine
575,Guanine
576,H+
577,H2
578,1-hydroxy-2-methyl-2-(E)-butenyl 4-diphosphate
579,H2O
580,Hydrogen peroxide
581,Hydrogen sulfide
582,Bicarbonate
583,L-Homocysteine
584,Hexadecanoate (n-C16:0)
585,Hexadecanoyl-phosphate (n-C16:0)
586,Hexadecenoate (n-C16:1)
587,Hexadecanoyl-phosphate (n-C16:1)
588,Hexadecenoyl-CoA (n-C16:1CoA)
589,trans-Hexadec-2-enoyl-CoA
590,cis-hexadec-9-enoyl-[acyl-carrier protein] (n-C16:1)
591,Heme O
592,Hexanoyl-ACP (n-C6:0ACP)
593,Hg2+
594,3-Hydroxyglutaryl-[acyl-carrier protein] methyl ester
595,heptosyl-heptosyl-kdo2-lipidA
596,L-Histidine
597,L-Histidinol phosphate
598,L-Histidinol
599,L-Histidyl-tRNA(His)
600,"2-Hydroxy-6-oxonona-2,4-diene-1,9-dioate"
601,2-hydroxy-6-ketononatrienedioate
602,heptosyl-kdo2-lipidA
603,Hydroxymethylbilane
604,hydroxymethylglutathione
605,L-Homoserine
606,heptosyl-phospho-heptosyl-heptosyl-kdo2-lipidA
607,3-Hydroxypimeloyl-[acyl-carrier protein] methyl ester
608,Hydroxypyruvate
609,Hydroquinone
610,trans-Hex-2-enoyl-CoA
611,Hexanoate (n-C6:0)
612,Hypoxanthine
613,Hexanoyl-CoA (n-C6:0CoA)
614,Iminoaspartate
615,Isochorismate
616,Isocitrate
617,inner core oligosaccharide lipid A (E coli)
618,L-Idonate
619,IDP
620,L-Isoleucine
621,L-Isoleucyl-tRNA(Ile)
622,3-(Imidazol-4-yl)-2-oxopropyl phosphate
623,IMP
624,Indole
625,myo-Inositol
626,Inosine
627,Isopentenyl diphosphate
628,IscS sulfur acceptor protein
629,IscS with bound sulfur
630,IscU scaffold protein
631,IscU with bound [2Fe-2S] cluster
632,IscU with two bound [2Fe-2S] clusters
633,IscU with bound [4Fe-4S] cluster
634,Isethionic acid
635,ITP
636,potassium
637,3-Deoxy-D-manno-2-octulosonate
638,KDO(2)-lipid IV(A)
639,KDO(2)-lipid IV(A) with laurate
640,KDO(2)-lipid IV(A) with palmitoleoyl
641,3-Deoxy-D-manno-octulosonate 8-phosphate
642,KDO-lipid IV(A)
643,kdo-phospho-heptosyl-phospho-heptosyl-heptosyl-kdo2-lipidA
644,D-Lactate
645,L-Lactate
646,D-Lactaldehyde
647,L-Lactaldehyde
648,Lactose
649,L-Leucine
650,L-Leucyl-tRNA(Leu)
651,(R)-S-Lactoylglutathione
652,KDO(2)-lipid (A)
653,cold adapted KDO(2)-lipid (A)
654,"2,3,2'3'-Tetrakis(beta-hydroxymyristoyl)-D-glucosaminyl-1,6-beta-D-glucosamine 1,4'-bisphosphate"
655,Lipid A Disaccharide
656,"2,3-Bis(3-hydroxytetradecanoyl)-beta-D-glucosaminyl 1-phosphate"
657,lipoyl-AMP
658,Lipoate
659,lipoate (protein bound)
660,L-Lysine
661,L-Lysine-tRNA (Lys)
662,L-Lyxose
663,D-Malate
664,L-Malate
665,Malonyl-[acyl-carrier protein]
666,Malonyl-CoA
667,malonyl-CoA methyl ester
668,Maltose
669,Maltose 6'-phosphate
670,Maltoheptaose
671,Maltohexaose
672,Maltopentaose
673,Maltotriose
674,Maltotetraose
675,D-Mannose
676,D-Mannose 1-phosphate
677,D-Mannose 6-phosphate
678,2(alpha-D-Mannosyl-6-phosphate)-D-glycerate
679,D-Mannonate
680,"(2R,4S)-2-methyl-2,4-dihydroxydihydrofuran-3-one"
681,Melibiose
682,Methanol
683,Mercaptopyruvate
684,D-Methionine
685,L-Methionine
686,"5,10-Methenyltetrahydrofolate"
687,L-methionine-R-sulfoxide
688,L-Methionine Sulfoxide
689,L-Methionyl-tRNA (Met)
690,magnesium
691,1D-myo-Inositol 1-phosphate
692,methylisocitrate
693,"5,10-Methylenetetrahydrofolate"
694,(S)-Methylmalonyl-CoA
695,S-Methyl-L-methionine
696,Mn2+
697,D-Mannitol 1-phosphate
698,MoaD Protein with bound AMP
699,MoaD Protein with carboxylate
700,MoaD Protein with thiocarboxylate
701,Molybdate
702,molybdenum cofactor
703,molybdopterin cytosine dinucleotide
704,molybdopterin guanine dinucleotide
705,molybdopterin
706,adenylated molybdopterin
707,Menaquinol 8
708,Menaquinone 8
709,Malonate semialdehyde
710,methanesulfonate
711,Methylglyoxal
712,"(2R,4S)-2-methyl-2,3,3,4-tetrahydroxytetrahydrofuran"
713,Myristoyl-ACP (n-C14:0ACP)
714,Nitrous oxide
715,N8-Acetylspermidine
716,Sodium
717,"N-3-aminopropyl-1,5-diaminopentane"
718,Nicotinate
719,Nicotinamide adenine dinucleotide
720,Nicotinamide adenine dinucleotide - reduced
721,Nicotinamide adenine dinucleotide phosphate
722,Nicotinamide adenine dinucleotide phosphate - reduced
723,Nicotinamide
724,Ammonium
725,nickel
726,Nicotinate D-ribonucleotide
727,NMN
728,Nitric oxide
729,Nitrite
730,Nitrate
731,O16 antigen undecaprenyl diphosphate
732,O2
733,Superoxide anion
734,Oxaloacetate
735,trans-Oct-2-enoyl-CoA
736,Octanoyl-ACP (n-C8:0ACP)
737,Octanoyl-CoA (n-C8:0CoA)
738,octadecanoate (n-C18:0)
739,Octadecanoyl-ACP (n-C18:0ACP)
740,Octadecanoyl-phosphate (n-C18:0)
741,octadecenoate (n-C18:1)
742,Octadecanoyl-phosphate (n-C18:1)
743,octanoate (n-C8:0)
744,octanoate (protein bound)
745,all-trans-Octaprenyl diphosphate
746,cis-octadec-11-enoyl-[acyl-carrier protein] (n-C18:1)
747,trans-Octadec-2-enoyl-CoA
748,Octadecenoyl-CoA (n-C18:1CoA)
749,3-Oxo-glutaryl-[acyl-carrier protein] methyl ester
750,2-Oxo-3-hydroxy-4-phosphobutanoate
751,2-Oxopent-4-enoate
752,3-Oxo-pimeloyl-[acyl-carrier protein] methyl ester
753,Ornithine
754,Orotate
755,Orotidine 5'-phosphate
756,Oxalate
757,3-Oxoadipyl-CoA
758,Oxalyl-CoA
759,Oxamate
760,Oxalureate
761,"1,2-didodecanoyl-sn-glycerol 3-phosphate"
762,"1,2-ditetradecanoyl-sn-glycerol 3-phosphate"
763,"1,2-ditetradec-7-enoyl-sn-glycerol 3-phosphate"
764,"1,2-dihexadecanoyl-sn-glycerol 3-phosphate"
765,"1,2-dihexadec-9-enoyl-sn-glycerol 3-phosphate"
766,"1,2-dioctadecanoyl-sn-glycerol 3-phosphate"
767,"1,2-dioctadec-11-enoyl-sn-glycerol 3-phosphate"
768,Phenylacetic acid
769,Phenylacetaldehyde
770,Palmitoyl-ACP (n-C16:0ACP)
771,Pantetheine 4'-phosphate
772,(R)-Pantoate
773,"Adenosine 3',5'-bisphosphate"
774,3'-Phosphoadenylyl sulfate
775,Pyridoxine 5'-phosphate
776,"phosphatidylethanolamine (didodecanoyl, n-C12:0)"
777,"phosphatidylethanolamine (ditetradecanoyl, n-C14:0)"
778,"phosphatidylethanolamine (ditetradec-7-enoyl, n-C14:1)"
779,"phosphatidylethanolamine (dihexadecanoyl, n-C16:0)"
780,"phosphatidylethanolamine (dihexadec-9enoyl, n-C16:1)"
781,"phosphatidylethanolamine (dioctadecanoyl, n-C18:0)"
782,"phosphatidylethanolamine (dioctadec-11-enoyl, n-C18:1)"
783,Phosphoenolpyruvate
784,"Phosphatidylglycerol (didodecanoyl, n-C12:0)"
785,"Phosphatidylglycerol (ditetradecanoyl, n-C14:0)"
786,"Phosphatidylglycerol (ditetradec-7-enoyl, n-C14:1)"
787,"Phosphatidylglycerol (dihexadecanoyl, n-C16:0)"
788,"Phosphatidylglycerol (dihexadec-9-enoyl, n-C16:1)"
789,"Phosphatidylglycerol (dioctadecanoyl, n-C18:0)"
790,"Phosphatidylglycerol (dioctadec-11-enoyl, n-C18:1)"
791,"Phosphatidylglycerophosphate (didodecanoyl, n-C12:0)"
792,"Phosphatidylglycerophosphate (ditetradecanoyl, n-C14:0)"
793,"Phosphatidylglycerophosphate (ditetradec-7-enoyl, n-C14:1)"
794,"Phosphatidylglycerophosphate (dihexadecanoyl, n-C16:0)"
795,"Phosphatidylglycerophosphate (dihexadec-9-enoyl, n-C16:1)"
796,"Phosphatidylglycerophosphate (dioctadecanoyl, n-C18:0)"
797,"Phosphatidylglycerophosphate (dioctadec-11-enoyl, n-C18:1)"
798,Phenylacetyl-CoA
799,L-Phenylalanine
800,Protoheme
801,L-Phenylalanyl-tRNA(Phe)
802,phospho-heptosyl-heptosyl-kdo2-lipidA
803,O-Phospho-L-homoserine
804,phospho-heptosyl-phospho-heptosyl-heptosyl-kdo2-lipidA
805,Phenylpyruvate
806,O-Phospho-4-hydroxy-L-threonine
807,Phosphate
808,Pimeloyl-[acyl-carrier protein]
809,Pimeloyl-[acyl-carrier protein] methyl ester
810,Palmitoyl-CoA (n-C16:0CoA)
811,(R)-Pantothenate
812,Peroxyaminoacrylate
813,Propionate (n-C3:0)
814,Propanal
815,Propanoyl phosphate
816,Porphobilinogen
817,Propanoyl-CoA
818,"Guanosine 3',5'-bis(diphosphate)"
819,Prephenate
820,Diphosphate
821,Protoporphyrin
822,Protoporphyrinogen IX
823,Inorganic triphosphate
824,Phenylpropanoate
825,5-Phospho-beta-D-ribosylamine
826,N-(5-Phospho-D-ribosyl)anthranilate
827,1-(5-Phosphoribosyl)-AMP
828,1-(5-Phosphoribosyl)-ATP
829,7-cyano-7-carbaguanine
830,7-aminomethyl-7-deazaguanine
831,1-(5-Phosphoribosyl)-5-[(5-phosphoribosylamino)methylideneamino]imidazole-4-carboxamide
832,5-[(5-phospho-1-deoxyribulos-1-ylamino)methylideneamino]-1-(5-phosphoribosyl)imidazole-4-carboxamide
833,L-Proline
834,L-Prolinylglycine
835,L-Prolyl-tRNA(Pro)
836,5-Phospho-alpha-D-ribose 1-diphosphate
837,"phosphatidylserine (didodecanoyl, n-C12:0)"
838,"phosphatidylserine (ditetradecanoyl, n-C14:0)"
839,"phosphatidylserine (ditetradec-7-enoyl, n-C14:1)"
840,"phosphatidylserine (dihexadecanoyl, n-C16:0)"
841,"phosphatidylserine (dihexadec-9-enoyl, n-C16:1)"
842,"phosphatidylserine (dioctadecanoyl, n-C18:0)"
843,"phosphatidylserine (dioctadec-11-enoyl, n-C18:1)"
844,psicoselysine
845,O-Phospho-L-serine
846,Putrescine
847,Pyridoxamine 5'-phosphate
848,Pyridoxamine
849,Pyridoxal
850,Pyridoxal 5'-phosphate
851,Pyridoxine
852,Pyruvate
853,Ubiquinone-8
854,Ubiquinol-8
855,Quinate
856,Quinolinate
857,"D-Ribose 1,5-bisphosphate"
858,alpha-D-Ribose 1-phosphate
859,alpha-D-Ribose 5-phosphate
860,rhamanosyl-N-acetylglucosamyl-undecaprenyl diphosphate
861,Reduced riboflavin
862,L-Ribulose
863,"N1-(alpha-D-ribosyl)-5,6-dimethylbenzimidazole"
864,"Ring 1,2-epoxyphenylacetyl-CoA"
865,S-Ribosyl-L-homocysteine
866,D-Ribose
867,Riboflavin
868,L-Rhamnulose
869,L-Rhamnulose 1-phosphate
870,L-Rhamnose
871,D-Ribulose 5-phosphate
872,L-Ribulose 5-phosphate
873,"Sedoheptulose 1,7-bisphosphate"
874,Sedoheptulose 7-phosphate
875,Sarcosine
876,D-Sorbitol 6-phosphate
877,O-Succinylbenzoyl-CoA
878,sirohydrochlorin
879,L-Selenocysteinyl-tRNA(Sec)
880,Selenate
881,Selenide
882,Selenophosphate
883,D-Serine
884,L-Serine
885,L-seryl-AMP
886,L-Seryl-tRNA(Ser)
887,L-Seryl-tRNA(Sec)
888,Siroheme
889,Shikimate
890,Shikimate 5-phosphate
891,"N-Succinyl-LL-2,6-diaminoheptanedioate"
892,N-Succinyl-2-L-amino-6-oxoheptanedioate
893,selenite
894,sulfur dioxide
895,Sulfite
896,Sulfate
897,Spermidine
898,Stearoyl-CoA (n-C18:0CoA)
899,Sucrose 6-phosphate
900,N2-Succinyl-L-arginine
901,o-Succinylbenzoate
902,Succinate
903,Succinyl-CoA
904,N2-Succinyl-L-glutamate
905,N2-Succinyl-L-glutamate 5-semialdehyde
906,O-Succinyl-L-homoserine
907,N2-Succinyl-L-ornithine
908,Succinic semialdehyde
909,SufBCD scaffold complex
910,SufBCD with bound [2Fe-2S] cluster
911,SufBCD with two bound [2Fe-2S] clusters
912,SufBCD with bound [4Fe-4S] cluster
913,SufSE sulfur acceptor complex
914,SufSE with bound sulfur
915,sulfoacetate
916,trans-3-cis-11-vacceoyl-[acyl-carrier protein]
917,trans-3-cis-5-dodecenoyl-[acyl-carrier protein]
918,trans-3-cis-7-myristoleoyl-[acyl-carrier protein]
919,trans-3-cis-9-palmitoleoyl-[acyl-carrier protein]
920,D-Tagatose 6-phosphate
921,"D-Tagatose 1,6-biphosphate"
922,D-Tagaturonate
923,D-tartrate
924,L-tartrate
925,Taurine
926,Thiocyanate
927,trans-Tetradec-2-enoyl-CoA
928,Tetradecanoyl-CoA (n-C14:0CoA)
929,trans-Dodec-2-enoyl-[acyl-carrier protein]
930,cis-tetradec-7-enoyl-[acyl-carrier protein] (n-C14:1)
931,trans-Dec-2-enoyl-[acyl-carrier protein]
932,Tetradecenoyl-CoA (n-C14:1CoA)
933,"2,3,4,5-Tetrahydrodipicolinate"
934,trans-Hex-2-enoyl-[acyl-carrier protein]
935,"5,6,7,8-Tetrahydrofolate"
936,Thiamin
937,Thiamin monophosphate
938,Tetrahydromonapterin
939,Thiamine diphosphate
940,"5,6,7,8-tetrahydropteridine"
941,L-Threonine
942,L-Threonyl-tRNA(Thr)
943,Thymine
944,Thymidine
945,trimethylamine
946,Trimethylamine N-oxide
947,trans-Tetradec-2-enoyl-[acyl-carrier protein]
948,trans-Oct-2-enoyl-[acyl-carrier protein]
949,trans-octadec-2-enoyl-[acyl-carrier protein]
950,trans-Hexadec-2-enoyl-[acyl-carrier protein]
951,Oxidized thioredoxin
952,Reduced thioredoxin
953,Trehalose
954,"alpha,alpha'-Trehalose 6-phosphate"
955,tRNA(Ala)
956,tRNA(Arg)
957,tRNA(Asn)
958,tRNA(Asp)
959,tRNA(Cys)
960,tRNA(Gln)
961,tRNA (Glu)
962,tRNA(Gly)
963,tRNA(His)
964,tRNA(Ile)
965,tRNA(Leu)
966,tRNA(Lys)
967,tRNA(Met)
968,tRNA(Phe)
969,tRNA(Pro)
970,tRNA(SeCys)
971,tRNA(Ser)
972,tRNA(Thr)
973,tRNA(Trp)
974,tRNA(Tyr)
975,tRNA(Val)
976,L-Tryptophan
977,L-Tryptophanyl-tRNA(Trp)
978,Thiosulfate
979,tetradecanoate (n-C14:0)
980,Tetradecanoyl-phosphate (n-C14:0)
981,tetradecenoate (n-C14:1)
982,Tetradecanoyl-phosphate (n-C14:1)
983,tungstate
984,L-Tyrosine
985,L-Tyrosyl-tRNA(Tyr)
986,"UDP-2,3-bis(3-hydroxytetradecanoyl)glucosamine"
987,UDP-3-O-(3-hydroxytetradecanoyl)-N-acetylglucosamine
988,UDP-3-O-(3-hydroxytetradecanoyl)-D-glucosamine
989,undecaprenyl phosphate-4-amino-4-formyl-L-arabinose
990,undecaprenyl phosphate-4-amino-4-deoxy-L-arabinose
991,"Undecaprenyl-diphospho-N-acetylmuramoyl-(N-acetylglucosamine)-L-ala-D-glu-meso-2,6-diaminopimeloyl-D-ala-D-ala"
992,UDP-N-acetyl-3-O-(1-carboxyvinyl)-D-glucosamine
993,UDP-N-acetyl-D-glucosamine
994,UDP-N-acetyl-D-mannosamine
995,UDP-N-acetyl-D-mannosaminouronate
996,"Undecaprenyl-diphospho-N-acetylmuramoyl-L-alanyl-D-glutamyl-meso-2,6-diaminopimeloyl-D-alanyl-D-alanine"
997,UDP-N-acetylmuramoyl-L-alanine
998,UDP-N-acetylmuramoyl-L-alanyl-D-glutamate
999,UDP-N-acetylmuramate
1000,Undecaprenyl diphosphate
1001,Undecaprenyl phosphate
1002,UDP
1003,uridine 5''-diphospho-{beta}-4-deoxy-4-formamido-L-arabinose
1004,uridine 5''-diphospho-{beta}-4-deoxy-4-amino-L-arabinose
1005,UDP-4-keto-pyranose
1006,UDPglucose
1007,UDPgalactose
1008,"UDP-D-galacto-1,4-furanose"
1009,UDP-D-glucuronate
1010,"UDP-N-acetylmuramoyl-L-alanyl-D-gamma-glutamyl-meso-2,6-diaminopimelate"
1011,"UDP-N-acetylmuramoyl-L-alanyl-D-glutamyl-meso-2,6-diaminopimeloyl-D-alanyl-D-alanine"
1012,"UDP-N-acetylmuramoyl-L-alanyl-D-gamma-glutamyl-meso-2,6-diaminopimelate-D-alanine"
1013,UMP
1014,Undecaprenyl diphospho N-acetyl-glucosamine
1015,Undecaprenyl-diphospho-N-acetylglucosamine-N-acetylmannosaminuronate
1016,"Undecaprenyl-diphospho N-acetylglucosamine-N-acetylmannosaminuronate-N-acetamido-4,6-dideoxy-D-galactose"
1017,Uroporphyrinogen III
1018,Uracil
1019,Ureidoacrylate peracid
1020,Urate
1021,(-)-Ureidoglycolate
1022,Urea
1023,Uridine
1024,UTP
1025,L-Valine
1026,L-Valyl-tRNA(Val)
1027,tungsten binding cofactor
1028,Xanthine
1029,XDP
1030,Xanthosine 5'-phosphate
1031,XTP
1032,Xanthosine
1033,D-Xylulose 5-phosphate
1034,L-Xylulose 5-phosphate
1035,D-Xylose
1036,D-Xylulose
1037,L-Xylulose
1038,Zinc
1039,"(R)-Propane-1,2-diol"
1040,"(S)-Propane-1,2-diol"
1041,"1,4-alpha-D-glucan"
1042,"1,5-Diaminopentane"
1043,"2',3'-Cyclic AMP"
1044,"2',3'-Cyclic CMP"
1045,"2',3'-Cyclic GMP"
1046,"2',3'-Cyclic UMP"
1047,"2,3-diaminopropionate"
1048,"meso-2,6-Diaminoheptanedioate"
1049,2-Dehydro-3-deoxy-D-gluconate
1050,"3,4-Dihydroxyphenylacetaldehyde"
1051,3'-AMP
1052,3'-cmp
1053,3'-GMP
1054,3-hydroxycinnamic acid
1055,3-Hydroxypropanoate
1056,3-(3-hydroxy-phenyl)propionate
1057,3'-UMP
1058,4-Aminobutanoate
1059,4-Hydroxyphenylacetaldehyde
1060,5-Dehydro-D-gluconate
1061,5-Methylthio-D-ribose
1062,L-alanine-D-glutamate
1063,"L-alanine-D-glutamate-meso-2,6-diaminoheptanedioate"
1064,"L-alanine-D-glutamate-meso-2,6-diaminoheptanedioate-D-alanine"
1065,L-alanine-L-glutamate
1066,Acetate
1067,Acetoacetate
1068,Acetaldehyde
1069,N-Acetyl-D-galactosamine
1070,N-Acetyl-D-galactosamine 1-phosphate
1071,N-Acetyl-D-glucosamine
1072,N-Acetyl-D-glucosamine 1-phosphate
1073,N-Acetyl-D-mannosamine
1074,N-Acetylmuramate
1075,N-Acetylneuraminate
1076,4-Amino-4-deoxy-L-arabinose modified core oligosaccharide lipid A
1077,O-Acetyl-L-serine
1078,Adenine
1079,Adenosine
1080,Adenosylcobalamin
1081,silver
1082,Agmatine
1083,2-Oxoglutarate
1084,beta-Alanine
1085,D-Alanine
1086,L-Alanine
1087,D-Alanyl-D-alanine
1088,D-Allose
1089,Allantoin
1090,AMP
1091,N-Acetyl-D-glucosamine(anhydrous)N-Acetylmuramic acid
1092,L-Arabinose
1093,Arbutin
1094,aerobactin minus Fe3
1095,Aerobactin
1096,L-Arginine
1097,L-Ascorbate
1098,L-Asparagine
1099,arsenite
1100,L-Aspartate
1101,Biotin
1102,Butyrate (n-C4:0)
1103,butanesulfonate
1104,Calcium
1105,Cobinamide
1106,Cob(I)alamin
1107,Cadmium
1108,Cys-Gly
1109,Choline
1110,"N,N'-diacetylchitobiose"
1111,Citrate
1112,Chloride
1113,Chloramphenicol
1114,CMP
1115,CO2
1116,Co2+
1117,core oligosaccharide lipid A
1118,core oligosaccharide lipid A diphosphate
1119,coprogen
1120,coprogen unloaded (no Fe(III))
1121,L-Carnitine
1122,D-Carnitine
1123,Cytosine
1124,Cu+
1125,Cu2+
1126,Hydrogen cyanide
1127,Cyanate
1128,D-Cysteine
1129,L-Cysteine
1130,Cytidine
1131,Deoxyadenosine
1132,dAMP
1133,Decanoate (n-C10:0)
1134,dCMP
1135,Deoxycytidine
1136,Dodecanoate (n-C12:0)
1137,dGMP
1138,Deoxyguanosine
1139,Dihydroxyacetone
1140,dIMP
1141,Deoxyinosine
1142,Dimethyl sulfide
1143,Dimethyl sulfoxide
1144,Dopamine
1145,doxorubicin
1146,dTMP
1147,dUMP
1148,Deoxyuridine
1149,(enterobacterial common antigen)x4 core oligosaccharide lipid A
1150,phosphoethanolamine KDO(2)-lipid (A)
1151,Enterochelin
1152,Ethanolamine
1153,ethanesulfonate
1154,Ethanol
1155,D-Fructose 6-phosphate
1156,Formaldehyde
1157,Fe2+
1158,Fe3+
1159,Fe(III)dicitrate
1160,"ferric 2,3-dihydroxybenzoylserine"
1161,Fe(III)hydroxamate
1162,"Fe(III)hydoxamate, unloaded"
1163,Ferrichrome
1164,Ferrichrome minus Fe(III)
1165,Fe-enterobactin
1166,ferroxamine
1167,ferroxamine minus Fe(3)
1168,Formate
1169,D-Fructose
1170,fructoselysine
1171,D-Fructuronate
1172,L-Fucose
1173,Fumarate
1174,fusidic acid
1175,D-Glucose 1-phosphate
1176,sn-Glycero-3-phosphocholine
1177,sn-Glycero-3-phosphoethanolamine
1178,Glycerophosphoglycerol
1179,sn-Glycero-3-phospho-1-inositol
1180,Glycerophosphoserine
1181,D-Glucose 6-phosphate
1182,D-Galactose
1183,beta D-Galactose
1184,alpha-D-Galactose 1-phosphate
1185,D-Galactarate
1186,D-Galactonate
1187,L-Galactonate
1188,Galactitol
1189,D-Galacturonate
1190,D-Glucosamine
1191,D-Glucosamine 6-phosphate
1192,gamma-butyrobetaine
1193,GDP
1194,D-Glucose
1195,D-Gluconate
1196,D-Glucarate
1197,D-Glucuronate
1198,D-Glucuronate 1-phosphate
1199,L-Glutamine
1200,L-Glutamate
1201,Glycine
1202,D-Glyceraldehyde
1203,Glycine betaine
1204,Glycerol
1205,(R)-Glycerate
1206,Glycerol 2-phosphate
1207,Glycerol 3-phosphate
1208,Glycolate
1209,GMP
1210,Guanosine
1211,Oxidized glutathione
1212,Reduced glutathione
1213,GTP
1214,Guanine
1215,H+
1216,H2
1217,H2O
1218,Hydrogen peroxide
1219,Hydrogen sulfide
1220,hepta-acylated core oligosaccharide lipid A (E. coli)
1221,hepta-acylated KDO(2)-lipid (A)
1222,Hexadecanoate (n-C16:0)
1223,Hexadecenoate (n-C16:1)
1224,Hg2+
1225,L-Histidine
1226,L-Homoserine
1227,Hexanoate (n-C6:0)
1228,Hypoxanthine
1229,L-Idonate
1230,L-Isoleucine
1231,IMP
1232,Indole
1233,myo-Inositol
1234,Inosine
1235,Isethionic acid
1236,potassium
1237,KDO(2)-lipid IV(A)
1238,D-Lactate
1239,L-Lactate
1240,Lactose
1241,L-Leucine
1242,KDO(2)-lipid (A)
1243,cold adapted KDO(2)-lipid (A)
1244,Lipoate
1245,L-Lysine
1246,L-Lyxose
1247,D-Malate
1248,L-Malate
1249,Maltose
1250,Maltohexaose
1251,Maltopentaose
1252,Maltotriose
1253,Maltotetraose
1254,D-Mannose
1255,D-Mannose 6-phosphate
1256,2(alpha-D-Mannosyl)-D-glycerate
1257,Melibiose
1258,Methanol
1259,D-Methionine
1260,L-Methionine
1261,L-methionine-R-sulfoxide
1262,L-Methionine Sulfoxide
1263,magnesium
1264,minocycline
1265,myo-Inositol hexakisphosphate
1266,S-Methyl-L-methionine
1267,Mn2+
1268,D-Mannitol
1269,Molybdate
1270,methanesulfonate
1271,Nitrous oxide
1272,Sodium
1273,Nicotinate
1274,Ammonium
1275,nickel
1276,NMN
1277,Nitric oxide
1278,Nitrite
1279,Nitrate
1280,novobiocin
1281,(O16 antigen)x4 core oligosaccharide lipid A
1282,O2
1283,Superoxide anion
1284,octadecanoate (n-C18:0)
1285,octadecenoate (n-C18:1)
1286,octanoate (n-C8:0)
1287,Ornithine
1288,Orotate
1289,Phenylacetaldehyde
1290,Phenethylamine
1291,L-Phenylalanine
1292,Protoheme
1293,Phosphate
1294,(R)-Pantothenate
1295,Propionate (n-C3:0)
1296,Propanal
1297,Phenylpropanoate
1298,Phosphonate
1299,L-Proline
1300,L-Prolinylglycine
1301,psicoselysine
1302,O-Phospho-L-serine
1303,Putrescine
1304,Pyridoxamine
1305,Pyridoxal
1306,Pyridoxine
1307,Pyruvate
1308,Quinate
1309,alpha-D-Ribose 5-phosphate
1310,rifampin
1311,D-Ribose
1312,L-Rhamnose
1313,D-Sorbitol
1314,Selenate
1315,D-Serine
1316,L-Serine
1317,Shikimate
1318,selenite
1319,sulfur dioxide
1320,Sulfite
1321,Sulfate
1322,Spermidine
1323,Succinate
1324,Sucrose
1325,sulfoacetate
1326,D-tartrate
1327,L-tartrate
1328,Taurine
1329,Thiocyanate
1330,Thiamin
1331,L-Threonine
1332,L-Threonine O-3-phosphate
1333,Thymine
1334,Thymidine
1335,trimethylamine
1336,Trimethylamine N-oxide
1337,Trehalose
1338,L-Tryptophan
1339,Thiosulfate
1340,tetradecanoate (n-C14:0)
1341,tetradecenoate (n-C14:1)
1342,tetracycline
1343,tungstate
1344,Tyramine
1345,L-Tyrosine
1346,Phosphotyrosine
1347,UDP-N-acetyl-D-glucosamine
1348,UDP-N-acetyl-D-galactosamine
1349,UDPglucose
1350,UDPgalactose
1351,UDP-D-glucuronate
1352,UMP
1353,Uracil
1354,Urea
1355,Uridine
1356,L-Valine
1357,Xanthine
1358,Xanthosine 5'-phosphate
1359,Xanthosine
1360,D-Xylose
1361,L-Xylulose
1362,Zinc
1363,"1,2-Diacyl-sn-glycerol (didodecanoyl, n-C12:0)"
1364,"1,2-Diacyl-sn-glycerol (ditetradecanoyl, n-C14:0)"
1365,"1,2-Diacyl-sn-glycerol (ditetradec-7-enoyl, n-C14:1)"
1366,"1,2-Diacyl-sn-glycerol (dihexadecanoyl, n-C16:0)"
1367,"1,2-Diacyl-sn-glycerol (dihexadec-9-enoyl, n-C16:1)"
1368,"1,2-Diacyl-sn-glycerol (dioctadecanoyl, n-C18:0)"
1369,"1,2-Diacyl-sn-glycerol (dioctadec-11-enoyl, n-C18:1)"
1370,"(R)-Propane-1,2-diol"
1371,"(S)-Propane-1,2-diol"
1372,"1,4-alpha-D-glucan"
1373,"1,5-Diaminopentane"
1374,1-Acyl-sn-glycero-3-phosphoethanolamine (n-C12:0)
1375,1-Acyl-sn-glycero-3-phosphoethanolamine (n-C14:0)
1376,1-Acyl-sn-glycero-3-phosphoethanolamine (n-C14:1)
1377,1-Acyl-sn-glycero-3-phosphoethanolamine (n-C16:0)
1378,1-Acyl-sn-glycero-3-phosphoethanolamine (n-C16:1)
1379,1-Acyl-sn-glycero-3-phosphoethanolamine (n-C18:0)
1380,1-Acyl-sn-glycero-3-phosphoethanolamine (n-C18:1)
1381,1-Acyl-sn-glycero-3-phosphoglycerol (n-C12:0)
1382,1-Acyl-sn-glycero-3-phosphoglycerol (n-C14:0)
1383,1-Acyl-sn-glycero-3-phosphoglycerol (n-C14:1)
1384,1-Acyl-sn-glycero-3-phosphoglycerol (n-C16:0)
1385,1-Acyl-sn-glycero-3-phosphoglycerol (n-C16:1)
1386,1-Acyl-sn-glycero-3-phosphoglycerol (n-C18:0)
1387,1-Acyl-sn-glycero-3-phosphoglycerol (n-C18:1)
1388,1-dodecanoyl-sn-glycerol 3-phosphate
1389,1-hexadec-9-enoyl-sn-glycerol 3-phosphate
1390,1-hexadecanoyl-sn-glycerol 3-phosphate
1391,1-octadec-11-enoyl-sn-glycerol 3-phosphate
1392,1-octadecanoyl-sn-glycerol 3-phosphate
1393,1-tetradec-7-enoyl-sn-glycerol 3-phosphate
1394,1-tetradecanoyl-sn-glycerol 3-phosphate
1395,"2',3'-Cyclic AMP"
1396,"2',3'-Cyclic CMP"
1397,"2',3'-Cyclic GMP"
1398,"2',3'-Cyclic UMP"
1399,"2,3-diaminopropionate"
1400,"meso-2,6-Diaminoheptanedioate"
1401,2-Acyl-sn-glycero-3-phosphoethanolamine (n-C12:0)
1402,2-Acyl-sn-glycero-3-phosphoethanolamine (n-C14:0)
1403,2-Acyl-sn-glycero-3-phosphoethanolamine (n-C14:1)
1404,2-Acyl-sn-glycero-3-phosphoethanolamine (n-C16:0)
1405,2-Acyl-sn-glycero-3-phosphoethanolamine (n-C16:1)
1406,2-Acyl-sn-glycero-3-phosphoethanolamine (n-C18:0)
1407,2-Acyl-sn-glycero-3-phosphoethanolamine (n-C18:1)
1408,2-Acyl-sn-glycero-3-phosphoglycerol (n-C12:0)
1409,2-Acyl-sn-glycero-3-phosphoglycerol (n-C14:0)
1410,2-Acyl-sn-glycero-3-phosphoglycerol (n-C14:1)
1411,2-Acyl-sn-glycero-3-phosphoglycerol (n-C16:0)
1412,2-Acyl-sn-glycero-3-phosphoglycerol (n-C16:1)
1413,2-Acyl-sn-glycero-3-phosphoglycerol (n-C18:0)
1414,2-Acyl-sn-glycero-3-phosphoglycerol (n-C18:1)
1415,2-dodecanoyl-sn-glycerol 3-phosphate
1416,2-Dehydro-3-deoxy-D-gluconate
1417,2-hexadec-9-enoyl-sn-glycerol 3-phosphate
1418,2-hexadecanoyl-sn-glycerol 3-phosphate
1419,2-octadec-11-enoyl-sn-glycerol 3-phosphate
1420,2-octadecanoyl-sn-glycerol 3-phosphate
1421,2-tetradec-7-enoyl-sn-glycerol 3-phosphate
1422,2-tetradecanoyl-sn-glycerol 3-phosphate
1423,"3,4-Dihydroxyphenylacetaldehyde"
1424,3'-AMP
1425,3'-cmp
1426,3'-GMP
1427,3-hydroxycinnamic acid
1428,3-Hydroxypropanoate
1429,3-(3-hydroxy-phenyl)propionate
1430,3'-UMP
1431,4-Aminobutanoate
1432,4-Hydroxyphenylacetaldehyde
1433,5-Dehydro-D-gluconate
1434,5-Methylthio-D-ribose
1435,L-alanine-D-glutamate
1436,"L-alanine-D-glutamate-meso-2,6-diaminoheptanedioate"
1437,"L-alanine-D-glutamate-meso-2,6-diaminoheptanedioate-D-alanine"
1438,L-alanine-L-glutamate
1439,Acetate
1440,Acetoacetate
1441,Acetaldehyde
1442,N-Acetyl-D-galactosamine
1443,N-Acetyl-D-galactosamine 1-phosphate
1444,N-Acetyl-D-glucosamine
1445,N-Acetyl-D-glucosamine 1-phosphate
1446,N-Acetyl-D-mannosamine
1447,N-Acetylmuramate
1448,N-Acetylneuraminate
1449,4-Amino-4-deoxy-L-arabinose modified core oligosaccharide lipid A
1450,O-Acetyl-L-serine
1451,Adenine
1452,Adenosine
1453,Adenosylcobalamin
1454,Agmatine
1455,2-Oxoglutarate
1456,beta-Alanine
1457,D-Alanine
1458,L-Alanine
1459,D-Alanyl-D-alanine
1460,D-Allose
1461,Allantoin
1462,applipoprotein
1463,AMP
1464,N-Acetyl-D-glucosamine(anhydrous)N-Acetylmuramic acid
1465,N-Acetyl-D-glucosamine(anhydrous)N-Acetylmuramyl-tripeptide
1466,N-Acetyl-D-glucosamine(anhydrous)N-Acetylmuramyl-tetrapeptide
1467,L-Arabinose
1468,Arbutin
1469,aerobactin minus Fe3
1470,Aerobactin
1471,L-Arginine
1472,L-Ascorbate
1473,L-Asparagine
1474,arsenite
1475,L-Aspartate
1476,Biotin
1477,Butyrate (n-C4:0)
1478,butanesulfonate
1479,Calcium
1480,Cobinamide
1481,Cob(I)alamin
1482,Cadmium
1483,Cys-Gly
1484,Choline
1485,"N,N'-diacetylchitobiose"
1486,Citrate
1487,Chloride
1488,"cardiolipin (tetradodecanoyl, n-C12:0)"
1489,"cardiolipin (tetratetradecanoyl, n-C14:0)"
1490,"cardiolipin (tetratetradec-7-enoyl, n-C14:1)"
1491,"cardiolipin (tetrahexadecanoyl, n-C16:0)"
1492,"cardiolipin (tetrahexadec-9-enoyl, n-C16:1)"
1493,"cardiolipin (tetraoctadecanoyl, n-C18:0)"
1494,"cardiolipin (tetraoctadec-11-enoyl, n-C18:1)"
1495,Chloramphenicol
1496,CMP
1497,CO2
1498,Co2+
1499,core oligosaccharide lipid A
1500,core oligosaccharide lipid A diphosphate
1501,coprogen
1502,coprogen unloaded (no Fe(III))
1503,L-Carnitine
1504,D-Carnitine
1505,Cytosine
1506,crotonobetaine
1507,Cu+
1508,Cu2+
1509,Hydrogen cyanide
1510,Cyanate
1511,D-Cysteine
1512,L-Cysteine
1513,Cytidine
1514,Deoxyadenosine
1515,dAMP
1516,Decanoate (n-C10:0)
1517,dCMP
1518,Deoxycytidine
1519,Dodecanoate (n-C12:0)
1520,dGMP
1521,Deoxyguanosine
1522,Dihydroxyacetone
1523,dIMP
1524,Deoxyinosine
1525,Dimethyl sulfide
1526,Dimethyl sulfoxide
1527,Dopamine
1528,doxorubicin
1529,periplasmic protein disulfide isomerase I (oxidized)
1530,periplasmic protein disulfide isomerase I (reduced)
1531,protein disulfide isomerase II (oxidized)
1532,protein disulfide isomerase II (reduced)
1533,periplasmic disulfide isomerase/thiol-disulphide oxidase (oxidized)
1534,periplasmic disulfide isomerase/thiol-disulphide oxidase (reduced)
1535,dTMP
1536,dUMP
1537,Deoxyuridine
1538,(enterobacterial common antigen)x2 undecaprenyl-diphosphate
1539,(enterobacterial common antigen)x3 undecaprenyl-diphosphate
1540,(enterobacterial common antigen)x4 core oligosaccharide lipid A
1541,(enterobacterial common antigen)x4 undecaprenyl-diphosphate
1542,phosphoethanolamine KDO(2)-lipid (A)
1543,Enterochelin
1544,Ethanolamine
1545,ethanesulfonate
1546,Ethanol
1547,D-Fructose 6-phosphate
1548,Formaldehyde
1549,Fe2+
1550,Fe3+
1551,Fe(III)dicitrate
1552,"ferric 2,3-dihydroxybenzoylserine"
1553,Fe(III)hydroxamate
1554,"Fe(III)hydoxamate, unloaded"
1555,Ferrichrome
1556,Ferrichrome minus Fe(III)
1557,Fe-enterobactin
1558,ferroxamine
1559,ferroxamine minus Fe(3)
1560,Formate
1561,D-Fructose
1562,fructoselysine
1563,D-Fructuronate
1564,L-Fucose
1565,Fumarate
1566,fusidic acid
1567,D-Glucose 1-phosphate
1568,sn-Glycero-3-phosphocholine
1569,sn-Glycero-3-phosphoethanolamine
1570,Glycerophosphoglycerol
1571,sn-Glycero-3-phospho-1-inositol
1572,Glycerophosphoserine
1573,D-Glucose 6-phosphate
1574,D-Galactose
1575,beta D-Galactose
1576,alpha-D-Galactose 1-phosphate
1577,D-Galactarate
1578,D-Galactonate
1579,L-Galactonate
1580,Galactitol
1581,D-Galacturonate
1582,D-Glucosamine
1583,D-Glucosamine 6-phosphate
1584,gamma-butyrobetaine
1585,GDP
1586,D-Glucose
1587,D-Gluconate
1588,D-Glucarate
1589,D-Glucuronate
1590,D-Glucuronate 1-phosphate
1591,L-Glutamine
1592,L-Glutamate
1593,Glycine
1594,D-Glyceraldehyde
1595,Glycine betaine
1596,Glycerol
1597,(R)-Glycerate
1598,Glycerol 2-phosphate
1599,Glycerol 3-phosphate
1600,Glycolate
1601,GMP
1602,Guanosine
1603,Oxidized glutathione
1604,Reduced glutathione
1605,GTP
1606,Guanine
1607,H+
1608,H2
1609,H2O
1610,Hydrogen peroxide
1611,Hydrogen sulfide
1612,Hexadecanoate (n-C16:0)
1613,Hexadecenoate (n-C16:1)
1614,Hg2+
1615,L-Histidine
1616,L-Homoserine
1617,Hexanoate (n-C6:0)
1618,Hypoxanthine
1619,L-Idonate
1620,L-Isoleucine
1621,IMP
1622,Indole
1623,myo-Inositol
1624,Inosine
1625,Isethionic acid
1626,potassium
1627,KDO(2)-lipid IV(A)
1628,D-Lactate
1629,L-Lactate
1630,Lactose
1631,L-Leucine
1632,KDO(2)-lipid (A)
1633,cold adapted KDO(2)-lipid (A)
1634,Lipoate
1635,lipoprotein
1636,L-Lysine
1637,L-Lyxose
1638,D-Malate
1639,L-Malate
1640,Maltose
1641,Maltohexaose
1642,Maltopentaose
1643,Maltotriose
1644,Maltotetraose
1645,D-Mannose
1646,D-Mannose 6-phosphate
1647,2(alpha-D-Mannosyl)-D-glycerate
1648,Melibiose
1649,Methanol
1650,D-Methionine
1651,L-Methionine
1652,L-methionine-R-sulfoxide
1653,L-Methionine Sulfoxide
1654,magnesium
1655,minocycline
1656,myo-Inositol hexakisphosphate
1657,S-Methyl-L-methionine
1658,Mn2+
1659,D-Mannitol
1660,Molybdate
1661,methanesulfonate
1662,"two linked disacharide tripeptide murein units (uncrosslinked, middle of chain)"
1663,"two disacharide linked murein units, tripeptide crosslinked tripeptide (A2pm->A2pm) (middle of chain)"
1664,"two disacharide linked murein units, tripeptide crosslinked tetrapeptide (A2pm->D-ala) (middle of chain)"
1665,"two linked disacharide tetrapeptide and tripeptide murein units (uncrosslinked, middle of chain)"
1666,"two linked disacharide tetrapeptide murein units (uncrosslinked, middle of chain)"
1667,"two disacharide linked murein units, tetrapeptide corsslinked tetrapeptide (A2pm->D-ala) (middle of chain)"
1668,"three disacharide linked murein units (tetrapeptide crosslinked tetrapeptide (A2pm->D-ala), one uncrosslinked tetrapaptide) (middle of chain)"
1669,three disacharide linked murein units (tetrapeptide crosslinked tetrapeptide (A2pm->D-ala) & tetrapeptide corsslinked tetrapeptide (A2pm->D-ala)) (middle of chain)
1670,"two linked disacharide pentapeptide and tripeptide murein units (uncrosslinked, middle of chain)"
1671,"two linked disacharide pentapeptide and tetrapeptide murein units (uncrosslinked, middle of chain)"
1672,"two linked disacharide pentapeptide murein units (uncrosslinked, middle of chain)"
1673,"three linked disacharide pentapeptide murein units (uncrosslinked, middle of chain)"
1674,"two disacharide linked murein units, pentapeptide corsslinked tripeptide (A2pm->A2pm) (middle of chain)"
1675,"two disacharide linked murein units, pentapeptide crosslinked tetrapeptide (A2pm->D-ala) (middle of chain)"
1676,three disacharide linked murein units (pentapeptide crosslinked tetrapeptide (A2pm->D-ala) tetrapeptide corsslinked tetrapeptide (A2pm->D-ala)) (middle of chain)
1677,Nitrous oxide
1678,Sodium
1679,Nicotinate
1680,Ammonium
1681,nickel
1682,NMN
1683,Nitric oxide
1684,Nitrite
1685,Nitrate
1686,novobiocin
1687,(O16 antigen)x2 undecaprenyl diphosphate
1688,(O16 antigen)x3 undecaprenyl diphosphate
1689,(O16 antigen)x4 core oligosaccharide lipid A
1690,(O16 antigen)x4 undecaprenyl diphosphate
1691,O16 antigen undecaprenyl diphosphate
1692,O2
1693,Superoxide anion
1694,octadecanoate (n-C18:0)
1695,octadecenoate (n-C18:1)
1696,octanoate (n-C8:0)
1697,Ornithine
1698,Orotate
1699,"1,2-didodecanoyl-sn-glycerol 3-phosphate"
1700,"1,2-ditetradecanoyl-sn-glycerol 3-phosphate"
1701,"1,2-ditetradec-7-enoyl-sn-glycerol 3-phosphate"
1702,"1,2-dihexadecanoyl-sn-glycerol 3-phosphate"
1703,"1,2-dihexadec-9-enoyl-sn-glycerol 3-phosphate"
1704,"1,2-dioctadecanoyl-sn-glycerol 3-phosphate"
1705,"1,2-dioctadec-11-enoyl-sn-glycerol 3-phosphate"
1706,Phenylacetaldehyde
1707,"phosphatidylethanolamine (didodecanoyl, n-C12:0)"
1708,"phosphatidylethanolamine (ditetradecanoyl, n-C14:0)"
1709,"phosphatidylethanolamine (ditetradec-7-enoyl, n-C14:1)"
1710,"phosphatidylethanolamine (dihexadecanoyl, n-C16:0)"
1711,"phosphatidylethanolamine (dihexadec-9enoyl, n-C16:1)"
1712,"phosphatidylethanolamine (dioctadecanoyl, n-C18:0)"
1713,"phosphatidylethanolamine (dioctadec-11-enoyl, n-C18:1)"
1714,Phenethylamine
1715,"Phosphatidylglycerol (didodecanoyl, n-C12:0)"
1716,"Phosphatidylglycerol (ditetradecanoyl, n-C14:0)"
1717,"Phosphatidylglycerol (ditetradec-7-enoyl, n-C14:1)"
1718,"Phosphatidylglycerol (dihexadecanoyl, n-C16:0)"
1719,"Phosphatidylglycerol (dihexadec-9-enoyl, n-C16:1)"
1720,"Phosphatidylglycerol (dioctadecanoyl, n-C18:0)"
1721,"Phosphatidylglycerol (dioctadec-11-enoyl, n-C18:1)"
1722,"Phosphatidylglycerophosphate (didodecanoyl, n-C12:0)"
1723,"Phosphatidylglycerophosphate (ditetradecanoyl, n-C14:0)"
1724,"Phosphatidylglycerophosphate (ditetradec-7-enoyl, n-C14:1)"
1725,"Phosphatidylglycerophosphate (dihexadecanoyl, n-C16:0)"
1726,"Phosphatidylglycerophosphate (dihexadec-9-enoyl, n-C16:1)"
1727,"Phosphatidylglycerophosphate (dioctadecanoyl, n-C18:0)"
1728,"Phosphatidylglycerophosphate (dioctadec-11-enoyl, n-C18:1)"
1729,L-Phenylalanine
1730,Protoheme
1731,Phosphate
1732,(R)-Pantothenate
1733,Propionate (n-C3:0)
1734,Propanal
1735,Phenylpropanoate
1736,Phosphonate
1737,L-Proline
1738,L-Prolinylglycine
1739,psicoselysine
1740,O-Phospho-L-serine
1741,Putrescine
1742,Pyridoxamine
1743,Pyridoxal
1744,Pyridoxine
1745,Pyruvate
1746,Quinate
1747,alpha-D-Ribose 5-phosphate
1748,rifampin
1749,D-Ribose
1750,L-Rhamnose
1751,D-Sorbitol
1752,Selenate
1753,D-Serine
1754,L-Serine
1755,Shikimate
1756,selenite
1757,sulfur dioxide
1758,Sulfite
1759,Sulfate
1760,Spermidine
1761,Succinate
1762,Sucrose
1763,sulfoacetate
1764,D-tartrate
1765,L-tartrate
1766,Taurine
1767,Thiocyanate
1768,Thiamin
1769,L-Threonine
1770,L-Threonine O-3-phosphate
1771,Thymine
1772,Thymidine
1773,trimethylamine
1774,Trimethylamine N-oxide
1775,Trehalose
1776,L-Tryptophan
1777,Thiosulfate
1778,tetradecanoate (n-C14:0)
1779,tetradecenoate (n-C14:1)
1780,tetracycline
1781,tungstate
1782,Tyramine
1783,L-Tyrosine
1784,Phosphotyrosine
1785,undecaprenyl phosphate-4-amino-4-deoxy-L-arabinose
1786,UDP-N-acetyl-D-glucosamine
1787,Undecaprenyl diphosphate
1788,Undecaprenyl phosphate
1789,UDP-N-acetyl-D-galactosamine
1790,UDPglucose
1791,UDPgalactose
1792,UDP-D-glucuronate
1793,UMP
1794,"Undecaprenyl-diphospho N-acetylglucosamine-N-acetylmannosaminuronate-N-acetamido-4,6-dideoxy-D-galactose"
1795,Uracil
1796,Urea
1797,Uridine
1798,L-Valine
1799,Xanthine
1800,Xanthosine 5'-phosphate
1801,Xanthosine
1802,D-Xylose
1803,L-Xylulose
1804,Zinc
